timeStamp,elapsed,label,responseCode,responseMessage,threadName,dataType,success,failureMessage,bytes,sentBytes,grpThreads,allThreads,URL,Latency,IdleTime,Connect
1685433518210,1236,Multiple database get all orders,200,OK,Multiple database 1-1,text,true,,1155,172,5,5,https://multiple-database.jp.ngrok.io:8443/api/multiple/get-orders?user_id=6849,1236,0,0
1685433518736,1434,Multiple database get all orders,200,OK,Multiple database 1-2,text,true,,773,172,6,6,https://multiple-database.jp.ngrok.io:8443/api/multiple/get-orders?user_id=3642,1434,0,0
1685433519277,1739,Multiple database get all orders,200,OK,Multiple database 1-3,text,true,,946,172,7,7,https://multiple-database.jp.ngrok.io:8443/api/multiple/get-orders?user_id=6396,1739,0,0
1685433520087,1534,Multiple database get all orders,200,OK,Multiple database 1-4,text,true,,1025,172,7,7,https://multiple-database.jp.ngrok.io:8443/api/multiple/get-orders?user_id=7285,1534,0,0
1685433520965,1408,Multiple database get all orders,200,OK,Multiple database 1-5,text,true,,1165,171,7,7,https://multiple-database.jp.ngrok.io:8443/api/multiple/get-orders?user_id=260,1408,0,0
1685433521196,1839,Multiple database get all orders,200,OK,Multiple database 1-6,text,true,,972,172,8,8,https://multiple-database.jp.ngrok.io:8443/api/multiple/get-orders?user_id=4459,1839,0,0
1685433521718,2371,Multiple database get all orders,200,OK,Multiple database 1-7,text,true,,928,172,9,9,https://multiple-database.jp.ngrok.io:8443/api/multiple/get-orders?user_id=8298,2371,0,0
1685433522532,2364,Multiple database get all orders,200,OK,Multiple database 1-8,text,true,,1071,172,9,9,https://multiple-database.jp.ngrok.io:8443/api/multiple/get-orders?user_id=5310,2364,0,0
1685433522735,2507,Multiple database get all orders,200,OK,Multiple database 1-9,text,true,,974,172,9,9,https://multiple-database.jp.ngrok.io:8443/api/multiple/get-orders?user_id=6541,2507,0,0
1685433523443,2601,Multiple database get all orders,200,OK,Multiple database 1-10,text,true,,1168,172,10,10,https://multiple-database.jp.ngrok.io:8443/api/multiple/get-orders?user_id=7841,2601,0,0
1685433524545,2698,Multiple database get all orders,200,OK,Multiple database 1-11,text,true,,989,172,11,11,https://multiple-database.jp.ngrok.io:8443/api/multiple/get-orders?user_id=3983,2698,0,0
1685433524871,2542,Multiple database get all orders,200,OK,Multiple database 1-12,text,true,,979,172,10,10,https://multiple-database.jp.ngrok.io:8443/api/multiple/get-orders?user_id=4785,2542,0,0
1685433525885,2226,Multiple database get all orders,200,OK,Multiple database 1-13,text,true,,1089,172,11,11,https://multiple-database.jp.ngrok.io:8443/api/multiple/get-orders?user_id=8940,2226,0,0
1685433526493,3376,Multiple database get all orders,200,OK,Multiple database 1-14,text,true,,1068,172,13,13,https://multiple-database.jp.ngrok.io:8443/api/multiple/get-orders?user_id=3306,3376,0,0
1685433526739,3212,Multiple database get all orders,200,OK,Multiple database 1-16,text,true,,941,170,12,12,https://multiple-database.jp.ngrok.io:8443/api/multiple/get-orders?user_id=32,3212,0,0
1685433526524,3445,Multiple database get all orders,200,OK,Multiple database 1-15,text,true,,1239,172,11,11,https://multiple-database.jp.ngrok.io:8443/api/multiple/get-orders?user_id=5232,3445,0,0
1685433527934,3284,Multiple database get all orders,200,OK,Multiple database 1-17,text,true,,987,172,13,13,https://multiple-database.jp.ngrok.io:8443/api/multiple/get-orders?user_id=2724,3284,0,0
1685433528072,3214,Multiple database get all orders,200,OK,Multiple database 1-18,text,true,,1020,172,12,12,https://multiple-database.jp.ngrok.io:8443/api/multiple/get-orders?user_id=5190,3214,0,0
1685433529166,3430,Multiple database get all orders,200,OK,Multiple database 1-19,text,true,,849,172,14,14,https://multiple-database.jp.ngrok.io:8443/api/multiple/get-orders?user_id=7521,3430,0,0
1685433529384,3242,Multiple database get all orders,200,OK,Multiple database 1-20,text,true,,960,172,13,13,https://multiple-database.jp.ngrok.io:8443/api/multiple/get-orders?user_id=8860,3242,0,0
1685433530940,3087,Multiple database get all orders,200,OK,Multiple database 1-22,text,true,,1059,172,15,15,https://multiple-database.jp.ngrok.io:8443/api/multiple/get-orders?user_id=7974,3087,0,0
1685433530829,3217,Multiple database get all orders,200,OK,Multiple database 1-21,text,true,,934,172,14,14,https://multiple-database.jp.ngrok.io:8443/api/multiple/get-orders?user_id=4060,3217,0,0
1685433531466,3768,Multiple database get all orders,200,OK,Multiple database 1-23,text,true,,1073,172,15,15,https://multiple-database.jp.ngrok.io:8443/api/multiple/get-orders?user_id=7367,3768,0,0
1685433532372,2976,Multiple database get all orders,200,OK,Multiple database 1-24,text,true,,996,171,14,14,https://multiple-database.jp.ngrok.io:8443/api/multiple/get-orders?user_id=287,2976,0,0
1685433532474,3407,Multiple database get all orders,200,OK,Multiple database 1-25,text,true,,955,172,14,14,https://multiple-database.jp.ngrok.io:8443/api/multiple/get-orders?user_id=3510,3407,0,0
1685433533027,3706,Multiple database get all orders,200,OK,Multiple database 1-26,text,true,,1013,172,15,15,https://multiple-database.jp.ngrok.io:8443/api/multiple/get-orders?user_id=8222,3706,0,0
1685433533935,3198,Multiple database get all orders,200,OK,Multiple database 1-27,text,true,,1220,172,15,15,https://multiple-database.jp.ngrok.io:8443/api/multiple/get-orders?user_id=4989,3198,0,0
1685433534052,4005,Multiple database get all orders,200,OK,Multiple database 1-28,text,true,,1114,172,16,16,https://multiple-database.jp.ngrok.io:8443/api/multiple/get-orders?user_id=3003,4005,0,0
1685433534582,3671,Multiple database get all orders,200,OK,Multiple database 1-29,text,true,,955,172,15,15,https://multiple-database.jp.ngrok.io:8443/api/multiple/get-orders?user_id=1057,3671,0,0
1685433535484,3936,Multiple database get all orders,200,OK,Multiple database 1-31,text,true,,834,172,16,16,https://multiple-database.jp.ngrok.io:8443/api/multiple/get-orders?user_id=4758,3936,0,0
1685433535509,4135,Multiple database get all orders,200,OK,Multiple database 1-30,text,true,,905,172,16,16,https://multiple-database.jp.ngrok.io:8443/api/multiple/get-orders?user_id=8292,4135,0,0
1685433536665,4156,Multiple database get all orders,200,OK,Multiple database 1-32,text,true,,1039,172,17,17,https://multiple-database.jp.ngrok.io:8443/api/multiple/get-orders?user_id=8401,4156,0,0
1685433536771,4306,Multiple database get all orders,200,OK,Multiple database 1-33,text,true,,851,172,17,17,https://multiple-database.jp.ngrok.io:8443/api/multiple/get-orders?user_id=9091,4306,0,0
1685433536918,4235,Multiple database get all orders,200,OK,Multiple database 1-34,text,true,,1019,172,16,16,https://multiple-database.jp.ngrok.io:8443/api/multiple/get-orders?user_id=6026,4235,0,0
1685433538138,4306,Multiple database get all orders,200,OK,Multiple database 1-35,text,true,,1039,172,17,17,https://multiple-database.jp.ngrok.io:8443/api/multiple/get-orders?user_id=4408,4306,0,0
1685433538334,4181,Multiple database get all orders,200,OK,Multiple database 1-36,text,true,,994,172,17,17,https://multiple-database.jp.ngrok.io:8443/api/multiple/get-orders?user_id=2315,4181,0,0
1685433538654,4443,Multiple database get all orders,200,OK,Multiple database 1-37,text,true,,1271,172,17,17,https://multiple-database.jp.ngrok.io:8443/api/multiple/get-orders?user_id=7842,4443,0,0
1685433539713,4106,Multiple database get all orders,200,OK,Multiple database 1-38,text,true,,1184,172,17,17,https://multiple-database.jp.ngrok.io:8443/api/multiple/get-orders?user_id=6139,4106,0,0
1685433539850,4421,Multiple database get all orders,200,OK,Multiple database 1-39,text,true,,902,172,17,17,https://multiple-database.jp.ngrok.io:8443/api/multiple/get-orders?user_id=9916,4421,0,0
1685433540219,4936,Multiple database get all orders,200,OK,Multiple database 1-40,text,true,,1142,172,18,18,https://multiple-database.jp.ngrok.io:8443/api/multiple/get-orders?user_id=3676,4936,0,0
1685433541411,4213,Multiple database get all orders,200,OK,Multiple database 1-41,text,true,,1098,172,18,18,https://multiple-database.jp.ngrok.io:8443/api/multiple/get-orders?user_id=3269,4213,0,0
1685433541786,4712,Multiple database get all orders,200,OK,Multiple database 1-42,text,true,,866,172,19,19,https://multiple-database.jp.ngrok.io:8443/api/multiple/get-orders?user_id=7089,4712,0,0
1685433542345,4429,Multiple database get all orders,200,OK,Multiple database 1-43,text,true,,953,172,18,18,https://multiple-database.jp.ngrok.io:8443/api/multiple/get-orders?user_id=8098,4429,0,0
1685433542934,4550,Multiple database get all orders,200,OK,Multiple database 1-44,text,true,,962,172,19,19,https://multiple-database.jp.ngrok.io:8443/api/multiple/get-orders?user_id=9964,4550,0,0
1685433543842,4391,Multiple database get all orders,200,OK,Multiple database 1-45,text,true,,952,172,19,19,https://multiple-database.jp.ngrok.io:8443/api/multiple/get-orders?user_id=5265,4391,0,0
1685433543934,4622,Multiple database get all orders,200,OK,Multiple database 1-46,text,true,,1222,172,19,19,https://multiple-database.jp.ngrok.io:8443/api/multiple/get-orders?user_id=1852,4622,0,0
1685433544612,5064,Multiple database get all orders,200,OK,Multiple database 1-47,text,true,,896,172,20,20,https://multiple-database.jp.ngrok.io:8443/api/multiple/get-orders?user_id=7646,5064,0,0
1685433545359,4570,Multiple database get all orders,200,OK,Multiple database 1-48,text,true,,779,172,19,19,https://multiple-database.jp.ngrok.io:8443/api/multiple/get-orders?user_id=6593,4570,0,0
1685433545449,4947,Multiple database get all orders,200,OK,Multiple database 1-49,text,true,,1169,172,19,19,https://multiple-database.jp.ngrok.io:8443/api/multiple/get-orders?user_id=3582,4947,0,0
1685433546142,5180,Multiple database get all orders,200,OK,Multiple database 1-50,text,true,,905,172,20,20,https://multiple-database.jp.ngrok.io:8443/api/multiple/get-orders?user_id=5549,5180,0,0
1685433546821,4965,Multiple database get all orders,200,OK,Multiple database 1-51,text,true,,1028,172,20,20,https://multiple-database.jp.ngrok.io:8443/api/multiple/get-orders?user_id=1105,4965,0,0
1685433547152,5456,Multiple database get all orders,200,OK,Multiple database 1-52,text,true,,1244,171,21,21,https://multiple-database.jp.ngrok.io:8443/api/multiple/get-orders?user_id=401,5456,0,0
1685433548039,5126,Multiple database get all orders,200,OK,Multiple database 1-53,text,true,,901,172,21,21,https://multiple-database.jp.ngrok.io:8443/api/multiple/get-orders?user_id=3312,5126,0,0
1685433548329,5630,Multiple database get all orders,200,OK,Multiple database 1-54,text,true,,931,172,21,21,https://multiple-database.jp.ngrok.io:8443/api/multiple/get-orders?user_id=2242,5630,0,0
1685433549079,5274,Multiple database get all orders,200,OK,Multiple database 1-55,text,true,,763,172,21,21,https://multiple-database.jp.ngrok.io:8443/api/multiple/get-orders?user_id=6985,5274,0,0
1685433549653,5643,Multiple database get all orders,200,OK,Multiple database 1-56,text,true,,1190,172,22,22,https://multiple-database.jp.ngrok.io:8443/api/multiple/get-orders?user_id=3955,5643,0,0
1685433549900,5717,Multiple database get all orders,200,OK,Multiple database 1-57,text,true,,929,172,22,22,https://multiple-database.jp.ngrok.io:8443/api/multiple/get-orders?user_id=1690,5716,0,0
1685433551240,5358,Multiple database get all orders,200,OK,Multiple database 1-58,text,true,,998,172,23,23,https://multiple-database.jp.ngrok.io:8443/api/multiple/get-orders?user_id=3053,5358,0,0
1685433551273,5601,Multiple database get all orders,200,OK,Multiple database 1-59,text,true,,1196,172,22,22,https://multiple-database.jp.ngrok.io:8443/api/multiple/get-orders?user_id=3881,5601,0,0
1685433551519,5648,Multiple database get all orders,200,OK,Multiple database 1-60,text,true,,1122,172,22,22,https://multiple-database.jp.ngrok.io:8443/api/multiple/get-orders?user_id=7870,5648,0,0
1685433552742,5483,Multiple database get all orders,200,OK,Multiple database 1-61,text,true,,900,172,23,23,https://multiple-database.jp.ngrok.io:8443/api/multiple/get-orders?user_id=7579,5482,0,0
1685433552832,5618,Multiple database get all orders,200,OK,Multiple database 1-62,text,true,,898,172,22,22,https://multiple-database.jp.ngrok.io:8443/api/multiple/get-orders?user_id=2504,5618,0,0
1685433553075,5806,Multiple database get all orders,200,OK,Multiple database 1-63,text,true,,1117,172,22,22,https://multiple-database.jp.ngrok.io:8443/api/multiple/get-orders?user_id=4399,5806,0,0
1685433554264,5597,Multiple database get all orders,200,OK,Multiple database 1-64,text,true,,1191,172,23,23,https://multiple-database.jp.ngrok.io:8443/api/multiple/get-orders?user_id=9880,5597,0,0
1685433554347,5855,Multiple database get all orders,200,OK,Multiple database 1-65,text,true,,1109,172,23,23,https://multiple-database.jp.ngrok.io:8443/api/multiple/get-orders?user_id=6751,5855,0,0
1685433554657,6285,Multiple database get all orders,200,OK,Multiple database 1-66,text,true,,1116,172,23,23,https://multiple-database.jp.ngrok.io:8443/api/multiple/get-orders?user_id=5276,6284,0,0
1685433555827,5801,Multiple database get all orders,200,OK,Multiple database 1-67,text,true,,1209,172,24,24,https://multiple-database.jp.ngrok.io:8443/api/multiple/get-orders?user_id=8300,5801,0,0
1685433555870,5973,Multiple database get all orders,200,OK,Multiple database 1-68,text,true,,1082,172,23,23,https://multiple-database.jp.ngrok.io:8443/api/multiple/get-orders?user_id=8679,5973,0,0
1685433556142,6645,Multiple database get all orders,200,OK,Multiple database 1-69,text,true,,908,172,24,24,https://multiple-database.jp.ngrok.io:8443/api/multiple/get-orders?user_id=5078,6645,0,0
1685433557293,5997,Multiple database get all orders,200,OK,Multiple database 1-70,text,true,,1018,172,24,24,https://multiple-database.jp.ngrok.io:8443/api/multiple/get-orders?user_id=8429,5997,0,0
1685433557571,6587,Multiple database get all orders,200,OK,Multiple database 1-71,text,true,,1078,172,25,25,https://multiple-database.jp.ngrok.io:8443/api/multiple/get-orders?user_id=1145,6587,0,0
1685433558045,6492,Multiple database get all orders,200,OK,Multiple database 1-72,text,true,,821,172,25,25,https://multiple-database.jp.ngrok.io:8443/api/multiple/get-orders?user_id=9617,6492,0,0
1685433558776,6613,Multiple database get all orders,200,OK,Multiple database 1-73,text,true,,1415,172,25,25,https://multiple-database.jp.ngrok.io:8443/api/multiple/get-orders?user_id=8014,6613,0,0
1685433559640,6191,Multiple database get all orders,200,OK,Multiple database 1-74,text,true,,998,172,25,25,https://multiple-database.jp.ngrok.io:8443/api/multiple/get-orders?user_id=6800,6191,0,0
1685433559820,6264,Multiple database get all orders,200,OK,Multiple database 1-75,text,true,,1152,172,25,25,https://multiple-database.jp.ngrok.io:8443/api/multiple/get-orders?user_id=6767,6264,0,0
1685433560467,6518,Multiple database get all orders,200,OK,Multiple database 1-76,text,true,,952,172,26,26,https://multiple-database.jp.ngrok.io:8443/api/multiple/get-orders?user_id=6307,6518,0,0
1685433561375,6042,Multiple database get all orders,200,OK,Multiple database 1-77,text,true,,1025,172,25,25,https://multiple-database.jp.ngrok.io:8443/api/multiple/get-orders?user_id=8537,6042,0,0
1685433561437,6790,Multiple database get all orders,200,OK,Multiple database 1-78,text,true,,1064,172,26,26,https://multiple-database.jp.ngrok.io:8443/api/multiple/get-orders?user_id=4047,6790,0,0
1685433562561,6203,Multiple database get all orders,200,OK,Multiple database 1-79,text,true,,951,172,26,26,https://multiple-database.jp.ngrok.io:8443/api/multiple/get-orders?user_id=2133,6203,0,0
1685433562998,6905,Multiple database get all orders,200,OK,Multiple database 1-80,text,true,,1434,171,27,27,https://multiple-database.jp.ngrok.io:8443/api/multiple/get-orders?user_id=335,6905,0,0
1685433563218,7019,Multiple database get all orders,200,OK,Multiple database 1-81,text,true,,1134,172,27,27,https://multiple-database.jp.ngrok.io:8443/api/multiple/get-orders?user_id=2874,7019,0,0
1685433564095,7075,Multiple database get all orders,200,OK,Multiple database 1-82,text,true,,1238,172,28,28,https://multiple-database.jp.ngrok.io:8443/api/multiple/get-orders?user_id=4967,7075,0,0
1685433564494,7223,Multiple database get all orders,200,OK,Multiple database 1-83,text,true,,1028,172,28,28,https://multiple-database.jp.ngrok.io:8443/api/multiple/get-orders?user_id=2188,7223,0,0
1685433564793,7221,Multiple database get all orders,200,OK,Multiple database 1-84,text,true,,1104,172,28,28,https://multiple-database.jp.ngrok.io:8443/api/multiple/get-orders?user_id=3512,7221,0,0
1685433565674,7537,Multiple database get all orders,200,OK,Multiple database 1-85,text,true,,1072,172,29,29,https://multiple-database.jp.ngrok.io:8443/api/multiple/get-orders?user_id=6280,7537,0,0
1685433566008,7485,Multiple database get all orders,200,OK,Multiple database 1-86,text,true,,1088,172,29,29,https://multiple-database.jp.ngrok.io:8443/api/multiple/get-orders?user_id=8439,7485,0,0
1685433566843,7475,Multiple database get all orders,200,OK,Multiple database 1-87,text,true,,851,170,29,29,https://multiple-database.jp.ngrok.io:8443/api/multiple/get-orders?user_id=81,7475,0,0
1685433567287,7483,Multiple database get all orders,200,OK,Multiple database 1-88,text,true,,1264,172,29,29,https://multiple-database.jp.ngrok.io:8443/api/multiple/get-orders?user_id=5886,7483,0,0
1685433567427,7396,Multiple database get all orders,200,OK,Multiple database 1-89,text,true,,1005,172,28,28,https://multiple-database.jp.ngrok.io:8443/api/multiple/get-orders?user_id=3454,7396,0,0
1685433568498,7579,Multiple database get all orders,200,OK,Multiple database 1-90,text,true,,976,172,30,30,https://multiple-database.jp.ngrok.io:8443/api/multiple/get-orders?user_id=6430,7579,0,0
1685433568803,7325,Multiple database get all orders,200,OK,Multiple database 1-91,text,true,,1208,172,29,29,https://multiple-database.jp.ngrok.io:8443/api/multiple/get-orders?user_id=5245,7325,0,0
1685433568922,7782,Multiple database get all orders,200,OK,Multiple database 1-92,text,true,,1044,172,29,29,https://multiple-database.jp.ngrok.io:8443/api/multiple/get-orders?user_id=6160,7782,0,0
1685433569804,7652,Multiple database get all orders,200,OK,Multiple database 1-93,text,true,,1117,172,28,28,https://multiple-database.jp.ngrok.io:8443/api/multiple/get-orders?user_id=9183,7652,0,0
1685433570427,7617,Multiple database get all orders,200,OK,Multiple database 1-94,text,true,,941,172,27,27,https://multiple-database.jp.ngrok.io:8443/api/multiple/get-orders?user_id=4797,7617,0,0
1685433570611,8124,Multiple database get all orders,200,OK,Multiple database 1-95,text,true,,1028,172,26,26,https://multiple-database.jp.ngrok.io:8443/api/multiple/get-orders?user_id=9725,8124,0,0
1685433571560,7781,Multiple database get all orders,200,OK,Multiple database 1-96,text,true,,1082,172,25,25,https://multiple-database.jp.ngrok.io:8443/api/multiple/get-orders?user_id=9641,7781,0,0
1685433572411,7719,Multiple database get all orders,200,OK,Multiple database 1-97,text,true,,1153,172,24,24,https://multiple-database.jp.ngrok.io:8443/api/multiple/get-orders?user_id=4637,7719,0,0
1685433572954,7544,Multiple database get all orders,200,OK,Multiple database 1-98,text,true,,1158,172,23,23,https://multiple-database.jp.ngrok.io:8443/api/multiple/get-orders?user_id=9557,7544,0,0
1685433573472,8116,Multiple database get all orders,200,OK,Multiple database 1-99,text,true,,1052,172,22,22,https://multiple-database.jp.ngrok.io:8443/api/multiple/get-orders?user_id=9620,8116,0,0
1685433573938,7994,Multiple database get all orders,200,OK,Multiple database 1-100,text,true,,1036,172,21,21,https://multiple-database.jp.ngrok.io:8443/api/multiple/get-orders?user_id=7114,7994,0,0
1685433574696,8350,Multiple database get all orders,200,OK,Multiple database 1-101,text,true,,984,172,20,20,https://multiple-database.jp.ngrok.io:8443/api/multiple/get-orders?user_id=3143,8350,0,0
1685433575391,7982,Multiple database get all orders,200,OK,Multiple database 1-102,text,true,,1300,172,19,19,https://multiple-database.jp.ngrok.io:8443/api/multiple/get-orders?user_id=8372,7982,0,0
1685433575806,8084,Multiple database get all orders,200,OK,Multiple database 1-103,text,true,,849,172,18,18,https://multiple-database.jp.ngrok.io:8443/api/multiple/get-orders?user_id=7521,8084,0,0
1685433576160,8514,Multiple database get all orders,200,OK,Multiple database 1-104,text,true,,988,172,17,17,https://multiple-database.jp.ngrok.io:8443/api/multiple/get-orders?user_id=9517,8514,0,0
1685433577252,7906,Multiple database get all orders,200,OK,Multiple database 1-105,text,true,,866,171,16,16,https://multiple-database.jp.ngrok.io:8443/api/multiple/get-orders?user_id=528,7906,0,0
1685433577597,7614,Multiple database get all orders,200,OK,Multiple database 1-106,text,true,,981,171,15,15,https://multiple-database.jp.ngrok.io:8443/api/multiple/get-orders?user_id=434,7614,0,0
1685433577633,8257,Multiple database get all orders,200,OK,Multiple database 1-107,text,true,,1079,172,14,14,https://multiple-database.jp.ngrok.io:8443/api/multiple/get-orders?user_id=1378,8257,0,0
1685433578735,7275,Multiple database get all orders,200,OK,Multiple database 1-108,text,true,,1073,171,13,13,https://multiple-database.jp.ngrok.io:8443/api/multiple/get-orders?user_id=123,7275,0,0
1685433579067,7170,Multiple database get all orders,200,OK,Multiple database 1-109,text,true,,891,172,12,12,https://multiple-database.jp.ngrok.io:8443/api/multiple/get-orders?user_id=8363,7170,0,0
1685433579095,7374,Multiple database get all orders,200,OK,Multiple database 1-110,text,true,,1104,172,11,11,https://multiple-database.jp.ngrok.io:8443/api/multiple/get-orders?user_id=5837,7374,0,0
1685433580301,6231,Multiple database get all orders,200,OK,Multiple database 1-111,text,true,,1151,172,10,10,https://multiple-database.jp.ngrok.io:8443/api/multiple/get-orders?user_id=4057,6231,0,0
1685433580676,6470,Multiple database get all orders,200,OK,Multiple database 1-112,text,true,,1138,172,9,9,https://multiple-database.jp.ngrok.io:8443/api/multiple/get-orders?user_id=3778,6470,0,0
1685433580944,6356,Multiple database get all orders,200,OK,Multiple database 1-113,text,true,,1063,172,8,8,https://multiple-database.jp.ngrok.io:8443/api/multiple/get-orders?user_id=5573,6356,0,0
1685433581915,5612,Multiple database get all orders,200,OK,Multiple database 1-114,text,true,,1002,172,7,7,https://multiple-database.jp.ngrok.io:8443/api/multiple/get-orders?user_id=2147,5612,0,0
1685433582284,5499,Multiple database get all orders,200,OK,Multiple database 1-115,text,true,,1141,172,6,6,https://multiple-database.jp.ngrok.io:8443/api/multiple/get-orders?user_id=5959,5499,0,0
1685433582536,5329,Multiple database get all orders,200,OK,Multiple database 1-116,text,true,,983,172,5,5,https://multiple-database.jp.ngrok.io:8443/api/multiple/get-orders?user_id=8121,5329,0,0
1685433583474,4964,Multiple database get all orders,200,OK,Multiple database 1-117,text,true,,816,172,4,4,https://multiple-database.jp.ngrok.io:8443/api/multiple/get-orders?user_id=7625,4964,0,0
1685433583827,4713,Multiple database get all orders,200,OK,Multiple database 1-118,text,true,,1078,172,3,3,https://multiple-database.jp.ngrok.io:8443/api/multiple/get-orders?user_id=9674,4713,0,0
1685433584522,4154,Multiple database get all orders,200,OK,Multiple database 1-119,text,true,,943,172,2,2,https://multiple-database.jp.ngrok.io:8443/api/multiple/get-orders?user_id=1444,4154,0,0
1685433584937,3914,Multiple database get all orders,200,OK,Multiple database 1-120,text,true,,868,172,1,1,https://multiple-database.jp.ngrok.io:8443/api/multiple/get-orders?user_id=2986,3914,0,0
